,speciesCode,comName,sciName,locId,locName,obsDt,howMany,lat,lon,obsValid,obsReviewed,locationPrivate,subId,exoticCategory,locRowCount
0,magrob,Oriental Magpie-Robin,Copsychus saularis,L37370400,"Kornhill, Quarry Bay",2026-02-27 07:48:00,1.0,22.2836479,114.2167498,True,False,True,S304118179,,600
1,eutspa,Eurasian Tree Sparrow,Passer montanus,L37370400,"Kornhill, Quarry Bay",2026-02-27 07:48:00,2.0,22.2836479,114.2167498,True,False,True,S304118179,,600
2,bkcsta1,Black-collared Starling,Gracupica nigricollis,L37370400,"Kornhill, Quarry Bay",2026-02-27 07:48:00,2.0,22.2836479,114.2167498,True,False,True,S304118179,,600
3,labcro1,Large-billed Crow,Corvus macrorhynchos,L37370400,"Kornhill, Quarry Bay",2026-02-27 07:48:00,1.0,22.2836479,114.2167498,True,False,True,S304118179,,600
4,comtai1,Common Tailorbird,Orthotomus sutorius,L37370400,"Kornhill, Quarry Bay",2026-02-27 07:48:00,1.0,22.2836479,114.2167498,True,False,True,S304118179,,600
5,rewbul,Red-whiskered Bulbul,Pycnonotus jocosus,L37370400,"Kornhill, Quarry Bay",2026-02-27 07:48:00,2.0,22.2836479,114.2167498,True,False,True,S304118179,,600
6,rbbmag,Red-billed Blue-Magpie,Urocissa erythroryncha,L37370400,"Kornhill, Quarry Bay",2026-02-27 07:48:00,2.0,22.2836479,114.2167498,True,False,True,S304118179,,600
7,livbul1,Light-vented Bulbul,Pycnonotus sinensis,L37370400,"Kornhill, Quarry Bay",2026-02-27 07:48:00,1.0,22.2836479,114.2167498,True,False,True,S304118179,,600
8,swiwhe1,Swinhoe's White-eye,Zosterops simplex,L37370400,"Kornhill, Quarry Bay",2026-02-27 07:48:00,5.0,22.2836479,114.2167498,True,False,True,S304118179,,600
9,asikoe2,Asian Koel,Eudynamys scolopaceus,L57239251,Fu Tei Pai and Kwan Tei,2026-02-27 06:27:00,1.0,22.5061134,114.1629649,True,False,True,S304101837,,600
10,spodov,Spotted Dove,Spilopelia chinensis,L18678284,Tai Lam Chung Reservoir Dam,2026-02-27 06:02:00,3.0,22.373283,114.026726,True,False,True,S304115310,,600
11,fotsun1,Fork-tailed Sunbird,Aethopyga christinae,L18678284,Tai Lam Chung Reservoir Dam,2026-02-27 06:02:00,1.0,22.373283,114.026726,True,False,True,S304115310,,600
12,houswi1,House Swift,Apus nipalensis,L18678284,Tai Lam Chung Reservoir Dam,2026-02-27 06:02:00,2.0,22.373283,114.026726,True,False,True,S304115310,,600
13,cremyn,Crested Myna,Acridotheres cristatellus,L18678284,Tai Lam Chung Reservoir Dam,2026-02-27 06:02:00,5.0,22.373283,114.026726,True,False,True,S304115310,,600
14,greegr,Great Egret,Ardea alba,L18678284,Tai Lam Chung Reservoir Dam,2026-02-27 06:02:00,1.0,22.373283,114.026726,True,False,True,S304115310,,600
15,blwthr1,Blue Whistling-Thrush,Myophonus caeruleus,L18678284,Tai Lam Chung Reservoir Dam,2026-02-27 06:02:00,1.0,22.373283,114.026726,True,False,True,S304115310,,600
16,blakit1,Black Kite,Milvus migrans,L18678284,Tai Lam Chung Reservoir Dam,2026-02-27 06:02:00,6.0,22.373283,114.026726,True,False,True,S304115310,,600
17,whbwat1,White-breasted Waterhen,Amaurornis phoenicurus,L18678284,Tai Lam Chung Reservoir Dam,2026-02-27 06:02:00,1.0,22.373283,114.026726,True,False,True,S304115310,,600
18,rucbab1,Rufous-capped Babbler,Cyanoderma ruficeps,L18678284,Tai Lam Chung Reservoir Dam,2026-02-27 06:02:00,1.0,22.373283,114.026726,True,False,True,S304115310,N,600
19,litegr,Little Egret,Egretta garzetta,L18678284,Tai Lam Chung Reservoir Dam,2026-02-27 06:02:00,3.0,22.373283,114.026726,True,False,True,S304115310,,600
20,maslau1,Masked Laughingthrush,Pterorhinus perspicillatus,L18678284,Tai Lam Chung Reservoir Dam,2026-02-27 06:02:00,3.0,22.373283,114.026726,True,False,True,S304115310,,600
21,sbsbab3,Streak-breasted Scimitar-Babbler,Pomatorhinus ruficollis,L18678284,Tai Lam Chung Reservoir Dam,2026-02-27 06:02:00,1.0,22.373283,114.026726,True,False,True,S304115310,N,600
22,chpher1,Chinese Pond-Heron,Ardeola bacchus,L18678284,Tai Lam Chung Reservoir Dam,2026-02-27 06:02:00,1.0,22.373283,114.026726,True,False,True,S304115310,,600
23,graher1,Gray Heron,Ardea cinerea,L18678284,Tai Lam Chung Reservoir Dam,2026-02-27 06:02:00,1.0,22.373283,114.026726,True,False,True,S304115310,,600
24,cintit13,Asian Tit,Parus cinereus,L18678284,Tai Lam Chung Reservoir Dam,2026-02-27 06:02:00,2.0,22.373283,114.026726,True,False,True,S304115310,,600
25,larhac2,Large Hawk-Cuckoo,Hierococcyx sparverioides,L50622705,Chek Nai Ping 赤泥坪,2026-02-26 21:00:00,1.0,22.4206172,114.2010004,True,False,True,S304038414,,600
26,barswa,Barn Swallow,Hirundo rustica,L50622705,Chek Nai Ping 赤泥坪,2026-02-26 21:00:00,2.0,22.4206172,114.2010004,True,False,True,S304038414,,600
27,placuc1,Plaintive Cuckoo,Cacomantis merulinus,L50622705,Chek Nai Ping 赤泥坪,2026-02-26 21:00:00,1.0,22.4206172,114.2010004,True,False,True,S304038414,,600
28,cosowl1,Collared Scops-Owl,Otus lettia,L50622705,Chek Nai Ping 赤泥坪,2026-02-26 21:00:00,1.0,22.4206172,114.2010004,True,False,True,S304038414,,600
29,mugfly,Mugimaki Flycatcher,Ficedula mugimaki,L4056550,Tai Tam CP--Quarry Bay extension,2026-02-26 20:00:00,1.0,22.274602,114.2098546,True,False,False,S303996229,,600
30,asbfly,Asian Brown Flycatcher,Muscicapa dauurica,L4056550,Tai Tam CP--Quarry Bay extension,2026-02-26 20:00:00,1.0,22.274602,114.2098546,True,False,False,S303996229,,600
31,whssta2,White-shouldered Starling,Sturnia sinensis,L56864233,Lok Ma Chau,2026-02-26 17:40:00,1.0,22.5105683,114.0632749,True,False,True,S303964623,,600
32,phtjac1,Pheasant-tailed Jacana,Hydrophasianus chirurgus,L56864233,Lok Ma Chau,2026-02-26 17:40:00,3.0,22.5105683,114.0632749,True,True,True,S303964623,,600
33,gyhlap1,Gray-headed Lapwing,Vanellus cinereus,L56864233,Lok Ma Chau,2026-02-26 17:40:00,1.0,22.5105683,114.0632749,True,False,True,S303964623,,600
34,vefnut1,Velvet-fronted Nuthatch,Sitta frontalis,L2029415,Chinese University of Hong Kong 香港中文大學,2026-02-26 17:31:00,1.0,22.4143611,114.2100906,True,False,False,S303928800,N,600
35,whiwag,White Wagtail,Motacilla alba,L2029415,Chinese University of Hong Kong 香港中文大學,2026-02-26 17:31:00,1.0,22.4143611,114.2100906,True,False,False,S303928800,,600
36,yebwar3,Yellow-browed Warbler,Phylloscopus inornatus,L2029415,Chinese University of Hong Kong 香港中文大學,2026-02-26 17:31:00,1.0,22.4143611,114.2100906,True,False,False,S303928800,,600
37,eurwry,Eurasian Wryneck,Jynx torquilla,L57453403,Kowloon Bay Sports Ground,2026-02-26 17:23:00,1.0,22.326702,114.210704,True,False,True,S303932518,,600
38,orimag1,Oriental Magpie,Pica serica,L57453403,Kowloon Bay Sports Ground,2026-02-26 17:23:00,1.0,22.326702,114.210704,True,False,True,S303932518,,600
39,brnshr,Brown Shrike,Lanius cristatus,L57453403,Kowloon Bay Sports Ground,2026-02-26 17:23:00,1.0,22.326702,114.210704,True,False,True,S303932518,,600
40,rocpig,Rock Pigeon,Columba livia,L57453403,Kowloon Bay Sports Ground,2026-02-26 17:23:00,50.0,22.326702,114.210704,True,False,True,S303932518,N,600
41,sohbul1,Sooty-headed Bulbul,Pycnonotus aurigaster,L57453403,Kowloon Bay Sports Ground,2026-02-26 17:23:00,2.0,22.326702,114.210704,True,False,True,S303932518,,600
42,grebar1,Great Barbet,Psilopogon virens,L2029415,Chinese University of Hong Kong 香港中文大學,2026-02-26 16:53:00,1.0,22.4143611,114.2100906,True,False,False,S303923638,,600
43,blwmin1,Blue-winged Minla,Actinodura cyanouroptera,L1987536,Tai Po Kau Nature Reserve 大埔滘自然護理區,2026-02-26 16:22:00,1.0,22.4259749,114.1810155,True,False,False,S303928973,N,980
44,yebpri1,Yellow-bellied Prinia,Prinia flaviventris,L1987536,Tai Po Kau Nature Reserve 大埔滘自然護理區,2026-02-26 16:22:00,1.0,22.4259749,114.1810155,True,False,False,S303928973,,980
45,siemes1,Silver-eared Mesia,Leiothrix argentauris,L1987536,Tai Po Kau Nature Reserve 大埔滘自然護理區,2026-02-26 16:22:00,5.0,22.4259749,114.1810155,True,False,False,S303928973,N,980
46,gycmin1,Gray-chinned Minivet,Pericrocotus solaris,L1987536,Tai Po Kau Nature Reserve 大埔滘自然護理區,2026-02-26 16:22:00,3.0,22.4259749,114.1810155,True,False,False,S303928973,,980
47,chebul1,Chestnut Bulbul,Hemixos castanonotus,L1987536,Tai Po Kau Nature Reserve 大埔滘自然護理區,2026-02-26 16:22:00,1.0,22.4259749,114.1810155,True,False,False,S303928973,,980
48,bcnher,Black-crowned Night Heron,Nycticorax nycticorax,L38002561,"9 Welfare Road, Hong Kong Island, HK (22.246, 114.163)",2026-02-26 15:52:00,2.0,22.2460864,114.162923,True,False,True,S303918252,,600
49,yeccoc1,Yellow-crested Cockatoo,Cacatua sulphurea,L38002561,"9 Welfare Road, Hong Kong Island, HK (22.246, 114.163)",2026-02-26 15:52:00,4.0,22.2460864,114.162923,True,False,True,S303918252,N,600
50,colcro1,Collared Crow,Corvus torquatus,L9886094,"Wan Poon Path, Tseung Kwan O",2026-02-26 15:47:00,1.0,22.308099,114.265695,True,False,False,S303924583,,600
51,comsan,Common Sandpiper,Actitis hypoleucos,L9886094,"Wan Poon Path, Tseung Kwan O",2026-02-26 15:47:00,1.0,22.308099,114.265695,True,False,False,S303924583,,600
52,duswar,Dusky Warbler,Phylloscopus fuscatus,L9886094,"Wan Poon Path, Tseung Kwan O",2026-02-26 15:47:00,1.0,22.308099,114.265695,True,False,False,S303924583,,600
53,grecou1,Greater Coucal,Centropus sinensis,L42823656,Chai Wan Masjid,2026-02-26 15:31:00,1.0,22.27125,114.2207908,True,False,True,S303978225,,600
54,pllwar1,Pale-legged Leaf Warbler,Phylloscopus tenellipes,L42823656,Chai Wan Masjid,2026-02-26 15:31:00,1.0,22.27125,114.2207908,True,False,True,S303978225,,600
55,pywbab1,Pygmy Cupwing,Pnoepyga pusilla,L42823656,Chai Wan Masjid,2026-02-26 15:31:00,1.0,22.27125,114.2207908,True,False,True,S303978225,,600
56,comkin1,Common Kingfisher,Alcedo atthis,L6713217,Tsing Yi Park 青衣公園,2026-02-26 15:28:00,1.0,22.3558111,114.1053343,True,False,False,S303921712,,600
57,cregos1,Crested Goshawk,Lophospiza trivirgata,L57737482,Little Hawaii Trail,2026-02-26 14:45:00,1.0,22.330857,114.24771,True,False,True,S303936688,,600
58,crseag1,Crested Serpent-Eagle,Spilornis cheela,L57737482,Little Hawaii Trail,2026-02-26 14:45:00,2.0,22.330857,114.24771,True,False,True,S303936688,,600
59,gnlthr,Greater Necklaced Laughingthrush,Pterorhinus pectoralis,L57737482,Little Hawaii Trail,2026-02-26 14:45:00,5.0,22.330857,114.24771,True,False,True,S303936688,N,600
60,chibla1,Chinese Blackbird,Turdus mandarinus,L1012793,Mai Po Nature Reserve 米埔自然護理區,2026-02-26 14:34:00,1.0,22.4941803,114.0365517,True,False,False,S303915930,,2310
61,comgre,Common Greenshank,Tringa nebularia,L1012793,Mai Po Nature Reserve 米埔自然護理區,2026-02-26 14:34:00,100.0,22.4941803,114.0365517,True,False,False,S303915930,,2310
62,categr2,Eastern Cattle-Egret,Ardea coromanda,L1012793,Mai Po Nature Reserve 米埔自然護理區,2026-02-26 14:34:00,6.0,22.4941803,114.0365517,True,False,False,S303915930,,2310
63,commoo3,Eurasian Moorhen,Gallinula chloropus,L1012793,Mai Po Nature Reserve 米埔自然護理區,2026-02-26 14:34:00,1.0,22.4941803,114.0365517,True,False,False,S303915930,,2310
64,commyn,Common Myna,Acridotheres tristis,L1012793,Mai Po Nature Reserve 米埔自然護理區,2026-02-26 14:34:00,2.0,22.4941803,114.0365517,True,False,False,S303915930,N,2310
65,comred1,Common Redshank,Tringa totanus,L1012793,Mai Po Nature Reserve 米埔自然護理區,2026-02-26 14:34:00,20.0,22.4941803,114.0365517,True,False,False,S303915930,,2310
66,litgre1,Little Grebe,Tachybaptus ruficollis,L1012793,Mai Po Nature Reserve 米埔自然護理區,2026-02-26 14:34:00,6.0,22.4941803,114.0365517,True,False,False,S303915930,,2310
67,plapri1,Plain Prinia,Prinia inornata,L1012793,Mai Po Nature Reserve 米埔自然護理區,2026-02-26 14:34:00,2.0,22.4941803,114.0365517,True,False,False,S303915930,,2310
68,marsan,Marsh Sandpiper,Tringa stagnatilis,L1012793,Mai Po Nature Reserve 米埔自然護理區,2026-02-26 14:34:00,40.0,22.4941803,114.0365517,True,False,False,S303915930,,2310
69,whtkin2,White-throated Kingfisher,Halcyon smyrnensis,L1012793,Mai Po Nature Reserve 米埔自然護理區,2026-02-26 14:34:00,2.0,22.4941803,114.0365517,True,False,False,S303915930,,2310
70,comsni,Common Snipe,Gallinago gallinago,L1012793,Mai Po Nature Reserve 米埔自然護理區,2026-02-26 14:34:00,3.0,22.4941803,114.0365517,True,False,False,S303915930,,2310
71,purher1,Purple Heron,Ardea purpurea,L1012793,Mai Po Nature Reserve 米埔自然護理區,2026-02-26 14:34:00,2.0,22.4941803,114.0365517,True,False,False,S303915930,,2310
72,olbpip,Olive-backed Pipit,Anthus hodgsoni,L1012793,Mai Po Nature Reserve 米埔自然護理區,2026-02-26 14:34:00,2.0,22.4941803,114.0365517,True,False,False,S303915930,,2310
73,y00621,Eastern Red-rumped Swallow,Cecropis daurica,L1012793,Mai Po Nature Reserve 米埔自然護理區,2026-02-26 14:34:00,3.0,22.4941803,114.0365517,True,False,False,S303915930,,2310
74,pagplo,Pacific Golden-Plover,Pluvialis fulva,L1012793,Mai Po Nature Reserve 米埔自然護理區,2026-02-26 14:34:00,2.0,22.4941803,114.0365517,True,False,False,S303915930,,2310
75,piekin1,Pied Kingfisher,Ceryle rudis,L1012793,Mai Po Nature Reserve 米埔自然護理區,2026-02-26 14:34:00,2.0,22.4941803,114.0365517,True,False,False,S303915930,,2310
76,blfspo1,Black-faced Spoonbill,Platalea minor,L1012793,Mai Po Nature Reserve 米埔自然護理區,2026-02-26 14:34:00,,22.4941803,114.0365517,True,False,False,S303915930,,2310
77,tufduc,Tufted Duck,Aythya fuligula,L1012793,Mai Po Nature Reserve 米埔自然護理區,2026-02-26 14:34:00,60.0,22.4941803,114.0365517,True,False,False,S303915930,,2310
78,bladro1,Black Drongo,Dicrurus macrocercus,L1012793,Mai Po Nature Reserve 米埔自然護理區,2026-02-26 14:34:00,1.0,22.4941803,114.0365517,True,False,False,S303915930,,2310
79,pieavo1,Pied Avocet,Recurvirostra avosetta,L1012793,Mai Po Nature Reserve 米埔自然護理區,2026-02-26 14:34:00,500.0,22.4941803,114.0365517,True,False,False,S303915930,,2310
80,norsho,Northern Shoveler,Spatula clypeata,L1012793,Mai Po Nature Reserve 米埔自然護理區,2026-02-26 14:34:00,100.0,22.4941803,114.0365517,True,False,False,S303915930,,2310
81,norpin,Northern Pintail,Anas acuta,L1012793,Mai Po Nature Reserve 米埔自然護理區,2026-02-26 14:34:00,8.0,22.4941803,114.0365517,True,False,False,S303915930,,2310
82,grecor,Great Cormorant,Phalacrocorax carbo,L1012793,Mai Po Nature Reserve 米埔自然護理區,2026-02-26 14:34:00,200.0,22.4941803,114.0365517,True,False,False,S303915930,,2310
83,eucdov,Eurasian Collared-Dove,Streptopelia decaocto,L1012793,Mai Po Nature Reserve 米埔自然護理區,2026-02-26 14:34:00,1.0,22.4941803,114.0365517,True,False,False,S303915930,N,2310
84,integr1,Medium Egret,Ardea intermedia,L1012793,Mai Po Nature Reserve 米埔自然護理區,2026-02-26 14:34:00,2.0,22.4941803,114.0365517,True,False,False,S303915930,,2310
85,bkbplo,Black-bellied Plover,Pluvialis squatarola,L1012793,Mai Po Nature Reserve 米埔自然護理區,2026-02-26 14:34:00,60.0,22.4941803,114.0365517,True,False,False,S303915930,,2310
86,stonec7,Amur Stonechat,Saxicola stejnegeri,L1012793,Mai Po Nature Reserve 米埔自然護理區,2026-02-26 14:34:00,1.0,22.4941803,114.0365517,True,False,False,S303915930,,2310
87,eurspo1,Eurasian Spoonbill,Platalea leucorodia,L1012793,Mai Po Nature Reserve 米埔自然護理區,2026-02-26 14:34:00,9.0,22.4941803,114.0365517,True,True,False,S303915930,,2310
88,lotshr1,Long-tailed Shrike,Lanius schach,L1012793,Mai Po Nature Reserve 米埔自然護理區,2026-02-26 14:34:00,1.0,22.4941803,114.0365517,True,False,False,S303915930,,2310
89,eurwig,Eurasian Wigeon,Mareca penelope,L1012793,Mai Po Nature Reserve 米埔自然護理區,2026-02-26 14:34:00,20.0,22.4941803,114.0365517,True,False,False,S303915930,,2310
90,lirplo,Little Ringed Plover,Thinornis dubius,L1012793,Mai Po Nature Reserve 米埔自然護理區,2026-02-26 14:34:00,9.0,22.4941803,114.0365517,True,False,False,S303915930,,2310
91,daured1,Daurian Redstart,Phoenicurus auroreus,L47941464,"10-12 Fung Fai Terrace, Happy Valley HK-Hong Kong Island (22.2674,114.1827)",2026-02-26 13:23:00,1.0,22.267429,114.182689,True,False,True,S303899488,,600
92,grnsan,Green Sandpiper,Tringa ochropus,L7010688,"HK-Hong Kong-Fanling Highway, Hong Kong (22.4612,114.1477)",2026-02-26 12:36:00,2.0,22.461224,114.147669,True,False,True,S303900584,,600
93,grywag,Gray Wagtail,Motacilla cinerea,L7010688,"HK-Hong Kong-Fanling Highway, Hong Kong (22.4612,114.1477)",2026-02-26 12:36:00,2.0,22.461224,114.147669,True,False,True,S303900584,,600
94,combuz6,Eastern Buzzard,Buteo japonicus,L57453403,Kowloon Bay Sports Ground,2026-02-26 11:27:00,1.0,22.326702,114.210704,True,False,True,S303901127,,600
95,nutman,Scaly-breasted Munia,Lonchura punctulata,L28660928,Lam Tsuen--Tin Liu Ha farmland,2026-02-26 09:41:00,2.0,22.4469568,114.1398349,True,False,True,S303887327,,600
96,litbun,Little Bunting,Emberiza pusilla,L28660928,Lam Tsuen--Tin Liu Ha farmland,2026-02-26 09:41:00,2.0,22.4469568,114.1398349,True,False,True,S303887327,,600
97,whblau1,White-browed Laughingthrush,Pterorhinus sannio,L28660928,Lam Tsuen--Tin Liu Ha farmland,2026-02-26 09:41:00,1.0,22.4469568,114.1398349,True,False,True,S303887327,N,600
98,scbflo1,Scarlet-backed Flowerpecker,Dicaeum cruentatum,L28660928,Lam Tsuen--Tin Liu Ha farmland,2026-02-26 09:41:00,1.0,22.4469568,114.1398349,True,False,True,S303887327,,600
99,bkwsti,Black-winged Stilt,Himantopus himantopus,L1987596,Nam Sang Wai 南生圍,2026-02-26 09:18:00,40.0,22.4597397,114.0368414,True,False,False,S303889861,,600
100,bkhgul,Black-headed Gull,Chroicocephalus ridibundus,L1987596,Nam Sang Wai 南生圍,2026-02-26 09:18:00,7.0,22.4597397,114.0368414,True,False,False,S303889861,,600
101,perfal,Peregrine Falcon,Falco peregrinus,L42164617,Siu Sai Wan,2026-02-26 08:52:00,1.0,22.2652691,114.2521477,True,False,True,S303977702,,600
102,osprey,Osprey,Pandion haliaetus,L13046200,Fung Lok Wai 豐樂圍,2026-02-26 07:58:00,1.0,22.4699271,114.0191192,True,False,False,S303890893,,600
103,orrwar1,Oriental Reed Warbler,Acrocephalus orientalis,L13046200,Fung Lok Wai 豐樂圍,2026-02-26 07:58:00,1.0,22.4699271,114.0191192,True,False,False,S303890893,,600
104,gargan,Garganey,Spatula querquedula,L13046200,Fung Lok Wai 豐樂圍,2026-02-26 07:58:00,3.0,22.4699271,114.0191192,True,False,False,S303890893,,600
105,eurcoo,Eurasian Coot,Fulica atra,L13046200,Fung Lok Wai 豐樂圍,2026-02-26 07:58:00,9.0,22.4699271,114.0191192,True,False,False,S303890893,,600
106,eaywag,Eastern Yellow Wagtail,Motacilla tschutschensis,L13046200,Fung Lok Wai 豐樂圍,2026-02-26 07:58:00,3.0,22.4699271,114.0191192,True,False,False,S303890893,,600
107,zitcis1,Zitting Cisticola,Cisticola juncidis,L13046200,Fung Lok Wai 豐樂圍,2026-02-26 07:58:00,2.0,22.4699271,114.0191192,True,False,False,S303890893,,600
108,sibrub,Siberian Rubythroat,Calliope calliope,L13046200,Fung Lok Wai 豐樂圍,2026-02-26 07:58:00,1.0,22.4699271,114.0191192,True,False,False,S303890893,,600
109,bkfbun1,Black-faced Bunting,Emberiza spodocephala,L13046200,Fung Lok Wai 豐樂圍,2026-02-26 07:58:00,8.0,22.4699271,114.0191192,True,False,False,S303890893,,600
110,bbrwar1,Black-browed Reed Warbler,Acrocephalus bistrigiceps,L13046200,Fung Lok Wai 豐樂圍,2026-02-26 07:58:00,1.0,22.4699271,114.0191192,True,False,False,S303890893,,600
111,yelbit,Yellow Bittern,Botaurus sinensis,L13046200,Fung Lok Wai 豐樂圍,2026-02-26 07:58:00,1.0,22.4699271,114.0191192,True,False,False,S303890893,,600
112,hacdro1,Hair-crested Drongo,Dicrurus hottentottus,L56447541,Queen's Hill 皇后山,2026-02-26 07:55:00,2.0,22.5031727,114.1616947,True,False,False,S303871677,,600
113,moutai2,Mountain Tailorbird,Phyllergates cucullatus,L4450258,Tai Po Kau Headland,2026-02-26 06:57:00,1.0,22.4349103,114.1921628,True,False,True,S303888661,,600
114,baywoo1,Bay Woodpecker,Blythipicus pyrrhotis,L4450258,Tai Po Kau Headland,2026-02-26 06:57:00,1.0,22.4349103,114.1921628,True,False,True,S303888661,,600
115,whrmun,White-rumped Munia,Lonchura striata,L5276719,Ma Tau Wai Service Reservoir,2026-02-26 06:55:00,4.0,22.3178083,114.1841201,True,False,False,S303885392,,600
116,grseag1,Greater Spotted Eagle,Clanga clanga,L1012793,Mai Po Nature Reserve 米埔自然護理區,2026-02-26 06:45:00,1.0,22.4941803,114.0365517,True,False,False,S303892121,,2310
117,impeag1,Imperial Eagle,Aquila heliaca,L1012793,Mai Po Nature Reserve 米埔自然護理區,2026-02-26 06:45:00,1.0,22.4941803,114.0365517,True,False,False,S303892121,,2310
118,spored,Spotted Redshank,Tringa erythropus,L1012793,Mai Po Nature Reserve 米埔自然護理區,2026-02-26 06:45:00,5.0,22.4941803,114.0365517,True,False,False,S303892121,,2310
119,spbduc,Eastern Spot-billed Duck,Anas zonorhyncha,L1012793,Mai Po Nature Reserve 米埔自然護理區,2026-02-26 06:45:00,20.0,22.4941803,114.0365517,True,False,False,S303892121,,2310
120,woosan,Wood Sandpiper,Tringa glareola,L1012793,Mai Po Nature Reserve 米埔自然護理區,2026-02-26 06:45:00,1.0,22.4941803,114.0365517,True,False,False,S303892121,,2310
121,mallar3,Mallard,Anas platyrhynchos,L1012793,Mai Po Nature Reserve 米埔自然護理區,2026-02-26 06:45:00,3.0,22.4941803,114.0365517,True,False,False,S303892121,,2310
122,ricpip1,Richard's Pipit,Anthus richardi,L1012793,Mai Po Nature Reserve 米埔自然護理區,2026-02-26 06:45:00,2.0,22.4941803,114.0365517,True,False,False,S303892121,,2310
123,falduc,Falcated Duck,Mareca falcata,L1012793,Mai Po Nature Reserve 米埔自然護理區,2026-02-26 06:45:00,10.0,22.4941803,114.0365517,True,False,False,S303892121,,2310
124,besra1,Besra,Tachyspiza virgata,L18678284,Tai Lam Chung Reservoir Dam,2026-02-26 06:21:00,1.0,22.373283,114.026726,True,False,True,S303869631,,600
125,savnig1,Savanna Nightjar,Caprimulgus affinis,L7394891,Tai Sang Wai 大生圍,2026-02-25 19:48:00,4.0,22.4708045,114.0427852,True,False,False,S303723199,,600
126,palwar5,Pallas's Leaf Warbler,Phylloscopus proregulus,L17648100,"柴灣 回教墳場, HK.",2026-02-25 16:03:00,1.0,22.259531,114.233355,True,False,True,S303673228,,600
127,ashdro1,Ashy Drongo,Dicrurus leucophaeus,L17648100,"柴灣 回教墳場, HK.",2026-02-25 16:03:00,2.0,22.259531,114.233355,True,False,True,S303673228,,600
128,moubul2,Mountain Bulbul,Ixos mcclellandii,L57478730,Pak Fa Lam Road 百花林路,2026-02-25 15:28:00,,22.3446002,114.2311671,True,False,False,S303660823,,600
129,chibar1,Chinese Barbet,Psilopogon faber,L57478730,Pak Fa Lam Road 百花林路,2026-02-25 15:28:00,3.0,22.3446002,114.2311671,True,False,False,S303660823,,600
130,rutrob1,Rufous-tailed Robin,Larvivora sibilans,L57478730,Pak Fa Lam Road 百花林路,2026-02-25 15:28:00,1.0,22.3446002,114.2311671,True,False,False,S303660823,,600
131,bkwcus1,Black-winged Cuckooshrike,Lalage melaschistos,L57478730,Pak Fa Lam Road 百花林路,2026-02-25 15:28:00,1.0,22.3446002,114.2311671,True,False,False,S303660823,,600
132,scamin1,Scarlet Minivet,Pericrocotus speciosus,L57478730,Pak Fa Lam Road 百花林路,2026-02-25 15:28:00,,22.3446002,114.2311671,True,False,False,S303660823,,600
133,blabul1,Black Bulbul,Hypsipetes leucocephalus,L57478730,Pak Fa Lam Road 百花林路,2026-02-25 15:28:00,,22.3446002,114.2311671,True,False,False,S303660823,,600
134,alepar2,Alexandrine Parakeet,Psittacula eupatria,L1772531,Long Valley 塱原,2026-02-25 15:00:00,1.0,22.5088303,114.113338,True,False,False,S303755580,N,600
135,gnwtea,Green-winged Teal,Anas crecca,L1772531,Long Valley 塱原,2026-02-25 15:00:00,,22.5088303,114.113338,True,False,False,S303755580,,600
136,humwar1,Hume's Warbler,Phylloscopus humei,L1987536,Tai Po Kau Nature Reserve 大埔滘自然護理區,2026-02-25 13:44:00,1.0,22.4259749,114.1810155,True,False,False,S303672896,,980
137,indyuh1,Indochinese Yuhina,Staphida torqueola,L1987536,Tai Po Kau Nature Reserve 大埔滘自然護理區,2026-02-25 13:44:00,10.0,22.4259749,114.1810155,True,False,False,S303672896,,980
138,yectit1,Yellow-cheeked Tit,Machlolophus spilonotus,L1987536,Tai Po Kau Nature Reserve 大埔滘自然護理區,2026-02-25 13:44:00,4.0,22.4259749,114.1810155,True,False,False,S303672896,N,980
139,gybthr1,Gray-backed Thrush,Turdus hortulorum,L1987536,Tai Po Kau Nature Reserve 大埔滘自然護理區,2026-02-25 13:44:00,1.0,22.4259749,114.1810155,True,False,False,S303672896,,980
140,lessho1,Lesser Shortwing,Brachypteryx leucophris,L1987536,Tai Po Kau Nature Reserve 大埔滘自然護理區,2026-02-25 13:44:00,1.0,22.4259749,114.1810155,True,False,False,S303672896,,980
141,eacwar1,Eastern Crowned Warbler,Phylloscopus coronatus,L1987536,Tai Po Kau Nature Reserve 大埔滘自然護理區,2026-02-25 13:44:00,1.0,22.4259749,114.1810155,True,False,False,S303672896,,980
142,fibflo1,Fire-breasted Flowerpecker,Dicaeum ignipectus,L1987536,Tai Po Kau Nature Reserve 大埔滘自然護理區,2026-02-25 13:44:00,1.0,22.4259749,114.1810155,True,False,False,S303672896,,980
143,spepic1,Speckled Piculet,Picumnus innominatus,L1987536,Tai Po Kau Nature Reserve 大埔滘自然護理區,2026-02-25 13:44:00,1.0,22.4259749,114.1810155,True,False,False,S303672896,,980
144,whswar1,White-spectacled Warbler,Phylloscopus intermedius,L1987536,Tai Po Kau Nature Reserve 大埔滘自然護理區,2026-02-25 13:44:00,1.0,22.4259749,114.1810155,True,False,False,S303672896,,980
145,grewar2,Two-barred Warbler,Phylloscopus plumbeitarsus,L1987536,Tai Po Kau Nature Reserve 大埔滘自然護理區,2026-02-25 13:44:00,1.0,22.4259749,114.1810155,True,False,False,S303672896,,980
146,asistu1,Asian Stubtail,Urosphena squameiceps,L1987536,Tai Po Kau Nature Reserve 大埔滘自然護理區,2026-02-25 13:44:00,1.0,22.4259749,114.1810155,True,False,False,S303672896,,980
147,japthr1,Japanese Thrush,Turdus cardis,L1987536,Tai Po Kau Nature Reserve 大埔滘自然護理區,2026-02-25 13:44:00,1.0,22.4259749,114.1810155,True,False,False,S303672896,,980
148,harlew1,Hartert's Leaf Warbler,Phylloscopus goodsoni,L1987536,Tai Po Kau Nature Reserve 大埔滘自然護理區,2026-02-25 13:44:00,1.0,22.4259749,114.1810155,True,False,False,S303672896,,980
149,gyhcaf1,Gray-headed Canary-Flycatcher,Culicicapa ceylonensis,L1987536,Tai Po Kau Nature Reserve 大埔滘自然護理區,2026-02-25 13:44:00,1.0,22.4259749,114.1810155,True,False,False,S303672896,,980
150,gycful5,Huet's Fulvetta,Alcippe hueti,L1987536,Tai Po Kau Nature Reserve 大埔滘自然護理區,2026-02-25 13:44:00,4.0,22.4259749,114.1810155,True,False,False,S303672896,N,980
151,whbyuh1,White-bellied Erpornis,Erpornis zantholeuca,L1987536,Tai Po Kau Nature Reserve 大埔滘自然護理區,2026-02-25 13:39:00,1.0,22.4259749,114.1810155,True,False,False,S303667698,,980
152,faecur,Far Eastern Curlew,Numenius madagascariensis,L1012793,Mai Po Nature Reserve 米埔自然護理區,2026-02-25 13:28:00,1.0,22.4941803,114.0365517,True,False,False,S303651794,,2310
153,eurcur,Eurasian Curlew,Numenius arquata,L1012793,Mai Po Nature Reserve 米埔自然護理區,2026-02-25 13:28:00,,22.4941803,114.0365517,True,False,False,S303651794,,2310
154,orblea1,Orange-bellied Leafbird,Chloropsis hardwickii,L1987536,Tai Po Kau Nature Reserve 大埔滘自然護理區,2026-02-25 12:00:00,2.0,22.4259749,114.1810155,True,False,False,S303674623,,980
155,emedov2,Asian Emerald Dove,Chalcophaps indica,L1987536,Tai Po Kau Nature Reserve 大埔滘自然護理區,2026-02-25 11:49:00,1.0,22.4259749,114.1810155,True,False,False,S303641249,,980
156,gbhgul2,Pallas's Gull,Ichthyaetus ichthyaetus,L13970809,Mai Po Nature Reserve--Northern Mudflat Hide 米埔自然護理區--泥灘北屋,2026-02-25 11:42:00,3.0,22.4991307,114.0275089,True,False,False,S303632243,,600
157,saugul2,Saunders's Gull,Saundersilarus saundersi,L13970809,Mai Po Nature Reserve--Northern Mudflat Hide 米埔自然護理區--泥灘北屋,2026-02-25 11:42:00,3.0,22.4991307,114.0275089,True,False,False,S303632243,,600
158,lbbgul,Lesser Black-backed Gull,Larus fuscus,L13970809,Mai Po Nature Reserve--Northern Mudflat Hide 米埔自然護理區--泥灘北屋,2026-02-25 11:42:00,,22.4991307,114.0275089,True,False,False,S303632243,,600
159,salwar1,Sakhalin Leaf Warbler,Phylloscopus borealoides,L59152134,塘福引水道,2026-02-25 11:30:00,1.0,22.2268071,113.9132273,True,True,True,S303653104,,600
160,taifly1,Taiga Flycatcher,Ficedula albicilla,L59152134,塘福引水道,2026-02-25 11:30:00,1.0,22.2268071,113.9132273,True,False,True,S303653104,,600
161,rebsta1,Red-billed Starling,Spodiopsar sericeus,L40683397,Mai Po Nature Reserve--Warden Office to Education Centre 米埔自然護理區--護理員辦事處至教育中心,2026-02-25 10:43:00,1.0,22.4914944,114.0445716,True,False,False,S303628052,,600
162,whimbr5,Eurasian Whimbrel,Numenius phaeopus,L1987558,Tsim Bei Tsui 尖鼻咀,2026-02-25 09:00:00,,22.4865474,114.0120792,True,False,False,S303696065,,600
163,slbgul,Slaty-backed Gull,Larus schistisagus,L1987558,Tsim Bei Tsui 尖鼻咀,2026-02-25 09:00:00,1.0,22.4865474,114.0120792,True,False,False,S303696065,,600
164,whrsha,White-rumped Shama,Copsychus malabaricus,L5279805,Lion's Nature Education Centre 獅子會自然教育中心,2026-02-25 08:35:00,1.0,22.374092,114.2650491,True,False,False,S303629010,P,600
165,wbseag1,White-bellied Sea-Eagle,Icthyophaga leucogaster,L5279805,Lion's Nature Education Centre 獅子會自然教育中心,2026-02-25 08:35:00,1.0,22.374092,114.2650491,True,False,False,S303629010,,600
166,sibpip1,Siberian Pipit,Anthus japonicus,L16776841,Tai Po Tin 大埔田,2026-02-25 08:20:00,5.0,22.5272981,114.1532183,True,False,False,S303660085,,600
167,retpip,Red-throated Pipit,Anthus cervinus,L16776841,Tai Po Tin 大埔田,2026-02-25 08:20:00,10.0,22.5272981,114.1532183,True,False,False,S303660085,,600
168,easmah1,Eastern Marsh Harrier,Circus spilonotus,L59197082,Mai Po Nature Reserve,2026-02-25 08:15:00,,22.4920193,114.0367126,True,False,True,S303885076,,600
169,yefcan,Yellow-fronted Canary,Crithagra mozambica,L59197082,Mai Po Nature Reserve,2026-02-25 08:15:00,,22.4920193,114.0367126,True,False,True,S303885076,P,600
170,blhbun1,Black-headed Bunting,Emberiza melanocephala,L59197082,Mai Po Nature Reserve,2026-02-25 08:15:00,,22.4920193,114.0367126,True,False,True,S303885076,,600
171,whcsta1,White-cheeked Starling,Spodiopsar cineraceus,L29616386,Lok Ma Chau village,2026-02-25 07:49:00,1.0,22.514006,114.079958,True,False,True,S303624407,,600
172,oripra,Oriental Pratincole,Glareola maldivarum,L14049999,Shui Hau 水口,2026-02-25 07:38:00,1.0,22.2199459,113.9180629,True,False,False,S303624246,,600
173,kenplo1,Kentish Plover,Anarhynchus alexandrinus,L14049999,Shui Hau 水口,2026-02-25 07:38:00,3.0,22.2199459,113.9180629,True,False,False,S303624246,,600
174,verfly4,Verditer Flycatcher,Eumyias thalassinus,L14049999,Shui Hau 水口,2026-02-25 07:38:00,2.0,22.2199459,113.9180629,True,False,False,S303624246,,600
175,manbuw1,Manchurian Bush Warbler,Horornis canturians,L17715889,Little Hawaii Trail,2026-02-25 07:06:00,1.0,22.3318043,114.2471659,True,False,True,S303616185,,600
176,melthr,Chinese Hwamei,Garrulax canorus,L17715889,Little Hawaii Trail,2026-02-25 07:06:00,1.0,22.3318043,114.2471659,True,False,True,S303616185,,600
177,eyethr,Eyebrowed Thrush,Turdus obscurus,L17715889,Little Hawaii Trail,2026-02-25 07:06:00,1.0,22.3318043,114.2471659,True,False,True,S303616185,,600
178,rufwar1,Rufous-faced Warbler,Abroscopus albogularis,L1987536,Tai Po Kau Nature Reserve 大埔滘自然護理區,2026-02-25 07:00:00,1.0,22.4259749,114.1810155,True,False,False,S303672367,,980
179,blttit2,Black-throated Tit,Aegithalos concinnus,L1987536,Tai Po Kau Nature Reserve 大埔滘自然護理區,2026-02-25 07:00:00,1.0,22.4259749,114.1810155,True,False,False,S303672367,N,980
180,subwar3,Sulphur-breasted Warbler,Phylloscopus ricketti,L1987536,Tai Po Kau Nature Reserve 大埔滘自然護理區,2026-02-25 07:00:00,1.0,22.4259749,114.1810155,True,False,False,S303672367,,980
181,blnori1,Black-naped Oriole,Oriolus chinensis,L1987536,Tai Po Kau Nature Reserve 大埔滘自然護理區,2026-02-25 07:00:00,1.0,22.4259749,114.1810155,True,False,False,S303672367,,980
182,burthr,Blue Rock-Thrush,Monticola solitarius,L6075586,Lantau Peak 鳳凰山,2026-02-25 06:43:00,1.0,22.2488259,113.9202189,True,False,False,S303623599,,600
183,tribun1,Tristram's Bunting,Emberiza tristrami,L6075586,Lantau Peak 鳳凰山,2026-02-25 06:43:00,2.0,22.2488259,113.9202189,True,False,False,S303623599,,600
184,refblu1,Red-flanked Bluetail,Tarsiger cyanurus,L6075586,Lantau Peak 鳳凰山,2026-02-25 06:43:00,1.0,22.2488259,113.9202189,True,False,False,S303623599,,600
185,eurkes,Eurasian Kestrel,Falco tinnunculus,L6075586,Lantau Peak 鳳凰山,2026-02-25 06:43:00,1.0,22.2488259,113.9202189,True,False,False,S303623599,,600
186,brbwar2,Brown Bush Warbler,Locustella luteoventris,L6075586,Lantau Peak 鳳凰山,2026-02-25 06:43:00,1.0,22.2488259,113.9202189,True,False,False,S303623599,,600
187,azwmag2,Azure-winged Magpie,Cyanopica cyanus,L13046200,Fung Lok Wai 豐樂圍,2026-02-24 14:14:00,4.0,22.4699271,114.0191192,True,False,False,S303428369,N,600
188,tersan,Terek Sandpiper,Xenus cinereus,L1012793,Mai Po Nature Reserve 米埔自然護理區,2026-02-24 12:30:00,,22.4941803,114.0365517,True,False,False,S303440243,,2310
189,whvmyn1,Great Myna,Acridotheres grandis,L1012793,Mai Po Nature Reserve 米埔自然護理區,2026-02-24 12:30:00,,22.4941803,114.0365517,True,False,False,S303440243,P,2310
190,vitpar1,Vinous-throated Parrotbill,Suthora webbiana,L1012793,Mai Po Nature Reserve 米埔自然護理區,2026-02-24 12:30:00,,22.4941803,114.0365517,True,False,False,S303440243,N,2310
191,pacreh1,Pacific Reef-Heron,Egretta sacra,L9763401,Po Toi 蒲台島,2026-02-24 11:38:00,1.0,22.1637466,114.2550316,True,False,False,S303411600,,600
192,asbowl1,Asian Barred Owlet,Glaucidium cuculoides,L1012793,Mai Po Nature Reserve 米埔自然護理區,2026-02-24 11:00:00,1.0,22.4941803,114.0365517,True,False,False,S303420592,,2310
193,ortdov,Oriental Turtle-Dove,Streptopelia orientalis,L1012793,Mai Po Nature Reserve 米埔自然護理區,2026-02-24 11:00:00,1.0,22.4941803,114.0365517,True,False,False,S303420592,,2310
194,gadwal,Gadwall,Mareca strepera,L1012793,Mai Po Nature Reserve 米埔自然護理區,2026-02-24 11:00:00,1.0,22.4941803,114.0365517,True,False,False,S303420592,,2310
195,casgul4,Mongolian Gull,Larus mongolicus,L1012793,Mai Po Nature Reserve 米埔自然護理區,2026-02-24 10:00:00,1.0,22.4941803,114.0365517,True,False,False,S303430062,,2310
196,bnhgul1,Brown-headed Gull,Chroicocephalus brunnicephalus,L1012793,Mai Po Nature Reserve 米埔自然護理區,2026-02-24 10:00:00,1.0,22.4941803,114.0365517,True,False,False,S303430062,,2310
197,blckin1,Black-capped Kingfisher,Halcyon pileata,L1012793,Mai Po Nature Reserve 米埔自然護理區,2026-02-24 10:00:00,2.0,22.4941803,114.0365517,True,False,False,S303430062,,2310
198,norhar1,Hen Harrier,Circus cyaneus,L1012793,Mai Po Nature Reserve 米埔自然護理區,2026-02-24 09:24:00,1.0,22.4941803,114.0365517,True,True,False,S303416638,,2310
199,plewar1,Pleske's Grasshopper Warbler,Helopsaltes pleskei,L1012793,Mai Po Nature Reserve 米埔自然護理區,2026-02-24 09:24:00,1.0,22.4941803,114.0365517,True,False,False,S303416638,,2310
200,grekno,Great Knot,Calidris tenuirostris,L1012793,Mai Po Nature Reserve 米埔自然護理區,2026-02-24 09:09:00,1.0,22.4941803,114.0365517,True,False,False,S303415920,,2310
201,batgod,Bar-tailed Godwit,Limosa lapponica,L1012793,Mai Po Nature Reserve 米埔自然護理區,2026-02-24 09:09:00,1.0,22.4941803,114.0365517,True,False,False,S303415920,,2310
202,bktgod,Black-tailed Godwit,Limosa limosa,L1012793,Mai Po Nature Reserve 米埔自然護理區,2026-02-24 09:01:00,1.0,22.4941803,114.0365517,True,False,False,S303417397,,2310
203,temsti,Temminck's Stint,Calidris temminckii,L1012793,Mai Po Nature Reserve 米埔自然護理區,2026-02-24 09:01:00,1.0,22.4941803,114.0365517,True,False,False,S303417397,,2310
204,chptit1,Chinese Penduline-Tit,Remiz consobrinus,L1012793,Mai Po Nature Reserve 米埔自然護理區,2026-02-24 09:01:00,1.0,22.4941803,114.0365517,True,False,False,S303417397,,2310
205,whiter2,Whiskered Tern,Chlidonias hybrida,L1772531,Long Valley 塱原,2026-02-24 07:46:00,1.0,22.5088303,114.113338,True,False,False,S303377274,,600
206,chebun2,Chestnut-eared Bunting,Emberiza fucata,L1772531,Long Valley 塱原,2026-02-24 07:46:00,1.0,22.5088303,114.113338,True,False,False,S303377274,,600
207,veggul1,Vega Gull,Larus vegae,L1012793,Mai Po Nature Reserve 米埔自然護理區,2026-02-24 07:30:00,2.0,22.4941803,114.0365517,True,False,False,S303617540,,2310
208,dunlin,Dunlin,Calidris alpina,L1012793,Mai Po Nature Reserve 米埔自然護理區,2026-02-24 07:30:00,,22.4941803,114.0365517,True,False,False,S303617540,,2310
209,grebit1,Eurasian Bittern,Botaurus stellaris,L40683397,Mai Po Nature Reserve--Warden Office to Education Centre 米埔自然護理區--護理員辦事處至教育中心,2026-02-23 18:28:00,1.0,22.4914944,114.0445716,True,False,False,S303220092,,600
210,blueth,Bluethroat,Luscinia svecica,L1772531,Long Valley 塱原,2026-02-23 16:25:00,1.0,22.5088303,114.113338,True,False,False,S303223851,,600
211,bncrai1,Brown-cheeked Rail,Rallus indicus,L1772531,Long Valley 塱原,2026-02-23 16:25:00,1.0,22.5088303,114.113338,True,False,False,S303223851,,600
212,grpsni1,Greater Painted-Snipe,Rostratula benghalensis,L1772531,Long Valley 塱原,2026-02-23 16:25:00,1.0,22.5088303,114.113338,True,False,False,S303223851,,600
213,japspa1,Japanese Sparrowhawk,Tachyspiza gularis,L56591044,"Po Toi O Chuen Road, New Territories, HK",2026-02-23 12:50:00,1.0,22.275123,114.2955113,True,False,True,S303188732,,600
214,comros,Common Rosefinch,Carpodacus erythrinus,L4209839,Kadoorie Farm and Botanic Garden 嘉道理農場暨植物園,2026-02-23 10:15:00,1.0,22.4334832,114.1178441,True,False,False,S303208913,,600
215,buhshr1,Bull-headed Shrike,Lanius bucephalus,L4921483,Pak Sha O 白沙澳,2026-02-23 08:20:00,1.0,22.4486741,114.3193316,True,False,False,S303616451,,600
216,blnmon1,Black-naped Monarch,Hypothymis azurea,L4921483,Pak Sha O 白沙澳,2026-02-23 08:20:00,1.0,22.4486741,114.3193316,True,False,False,S303616451,,600
217,strher1,Little Heron,Butorides atricapilla,L4234429,Man Cheung Po 萬丈布,2026-02-23 06:47:00,1.0,22.2313479,113.8699007,True,False,False,S303192627,,600
218,brwowl1,Brown Wood-Owl,Strix leptogrammica,L6139482,Lam Tsuen--Tin Liu Ha village,2026-02-22 23:45:00,1.0,22.4448841,114.1402275,True,False,True,S303659626,,600
219,hilmyn,Common Hill Myna,Gracula religiosa,L55994046,Victoria Park,2026-02-22 17:00:00,1.0,22.2809277,114.1872482,True,False,True,S303179822,X,600
220,rubwar1,Russet Bush Warbler,Locustella mandelli,L3790040,Lam Tsuen Valley 林村谷,2026-02-22 16:41:00,1.0,22.4493393,114.1343665,True,False,False,S302929387,,600
221,reblei,Red-billed Leiothrix,Leiothrix lutea,L1987536,Tai Po Kau Nature Reserve 大埔滘自然護理區,2026-02-22 14:23:00,2.0,22.4259749,114.1810155,True,False,False,S303047395,N,980
222,ancmur,Ancient Murrelet,Synthliboramphus antiquus,L9763401,Po Toi 蒲台島,2026-02-22 09:03:00,1.0,22.1637466,114.2550316,True,False,False,S302890477,,600
223,orihob2,Oriental Honey-buzzard,Pernis ptilorhynchus,L29085545,"荃錦公路, 大欖 HK-新界 22.42707, 114.10814",2026-02-22 07:57:00,1.0,22.427066,114.108138,True,False,True,S302896139,,600
224,sllcra1,Slaty-legged Crake,Rallina eurizonoides,L57453403,Kowloon Bay Sports Ground,2026-02-21 16:59:00,1.0,22.326702,114.210704,True,True,True,S302606910,,600
225,bfbwar1,Brownish-flanked Bush Warbler,Horornis fortipes,L3936306,Kap Lung Forest Trail 甲龍林徑,2026-02-21 12:49:00,1.0,22.4161937,114.1026814,True,False,False,S302575354,,600
226,brakit1,Brahminy Kite,Haliastur indus,L1012793,Mai Po Nature Reserve 米埔自然護理區,2026-02-21 11:38:00,1.0,22.4941803,114.0365517,True,True,False,S302613767,,2310
227,bktgul,Black-tailed Gull,Larus crassirostris,L1012793,Mai Po Nature Reserve 米埔自然護理區,2026-02-21 11:38:00,10.0,22.4941803,114.0365517,True,False,False,S302613767,,2310
228,caster1,Caspian Tern,Hydroprogne caspia,L1012793,Mai Po Nature Reserve 米埔自然護理區,2026-02-21 11:10:00,1.0,22.4941803,114.0365517,True,False,False,S303536433,,2310
229,recdov1,Red Collared-Dove,Streptopelia tranquebarica,L1012793,Mai Po Nature Reserve 米埔自然護理區,2026-02-21 11:10:00,2.0,22.4941803,114.0365517,True,False,False,S303536433,,2310
230,gohcis1,Golden-headed Cisticola,Cisticola exilis,L3974611,Ping Yeung 坪洋,2026-02-21 08:30:00,4.0,22.5380959,114.1570956,True,False,False,S302573128,,600
231,lescou1,Lesser Coucal,Centropus bengalensis,L3974611,Ping Yeung 坪洋,2026-02-21 08:30:00,1.0,22.5380959,114.1570956,True,False,False,S302573128,,600
232,grcgre1,Great Crested Grebe,Podiceps cristatus,L4150163,Tam Kon Chau Road--Fishpond Area 担竿洲路--魚塘區,2026-02-21 08:24:00,1.0,22.4950328,114.0563035,True,False,False,S302590301,,600
233,hoopoe,Common Hoopoe,Upupa epops,L2029415,Chinese University of Hong Kong 香港中文大學,2026-02-21 08:00:00,1.0,22.4143611,114.2100906,True,False,False,S302608697,,600
234,eursta,European Starling,Sturnus vulgaris,L2029415,Chinese University of Hong Kong 香港中文大學,2026-02-21 08:00:00,1.0,22.4143611,114.2100906,True,False,False,S302608697,,600
235,origre,Oriental Greenfinch,Chloris sinica,L1772531,Long Valley 塱原,2026-02-21 07:40:00,2.0,22.5088303,114.113338,True,False,False,S302562922,,600
236,houcro1,House Crow,Corvus splendens,L7809821,Kowloon Tsai Park 九龍仔公園,2026-02-20 16:45:00,12.0,22.3297039,114.1846389,True,False,False,S302363513,N,600
237,yebgro1,Yellow-billed Grosbeak,Eophona migratoria,L1987558,Tsim Bei Tsui 尖鼻咀,2026-02-20 15:30:00,16.0,22.4865474,114.0120792,True,False,False,S302353533,,600
238,fotswi,Pacific Swift,Apus pacificus,L7394891,Tai Sang Wai 大生圍,2026-02-20 12:33:00,2.0,22.4708045,114.0427852,True,False,False,S302364210,,600
239,ferduc,Ferruginous Duck,Aythya nyroca,L13046200,Fung Lok Wai 豐樂圍,2026-02-20 10:51:00,1.0,22.4699271,114.0191192,True,True,False,S302336653,,600
240,redkno,Red Knot,Calidris canutus,L13970809,Mai Po Nature Reserve--Northern Mudflat Hide 米埔自然護理區--泥灘北屋,2026-02-20 10:23:00,2.0,22.4991307,114.0275089,True,False,False,S302336409,,600
241,cfweye1,Chestnut-flanked White-eye,Zosterops erythropleurus,L4921483,Pak Sha O 白沙澳,2026-02-20 10:17:00,2.0,22.4486741,114.3193316,True,False,False,S302336462,,600
242,grytre1,Gray Treepie,Dendrocitta formosae,L4921483,Pak Sha O 白沙澳,2026-02-20 10:17:00,3.0,22.4486741,114.3193316,True,False,False,S302336462,,600
243,pltwar1,Alström's Warbler,Phylloscopus soror,L4921483,Pak Sha O 白沙澳,2026-02-20 10:17:00,1.0,22.4486741,114.3193316,True,False,False,S302336462,,600
244,grsplo,Greater Sand-Plover,Anarhynchus leschenaultii,L1012793,Mai Po Nature Reserve 米埔自然護理區,2026-02-20 09:00:00,1.0,22.4941803,114.0365517,True,False,False,S302337138,,2310
245,boneag2,Bonelli's Eagle,Aquila fasciata,L58996450,"Pat Sin Leng Country Park, Pat Sin Leng HK-New Territories (22.4917,114.1812)",2026-02-20 07:30:00,2.0,22.491659,114.181229,True,True,True,S302902018,,600
246,reebun,Reed Bunting,Emberiza schoeniclus,L3903122,Mai Po NR--#8b Reedbed,2026-02-20 06:27:00,1.0,22.4940171,114.0403926,True,False,True,S302398295,,600
247,margra1,Marsh Grassbird,Helopsaltes pryeri,L3903122,Mai Po NR--#8b Reedbed,2026-02-20 06:27:00,1.0,22.4940171,114.0403926,True,True,True,S302398295,,600
248,budger,Budgerigar,Melopsittacus undulatus,L1987558,Tsim Bei Tsui 尖鼻咀,2026-02-19 16:30:00,1.0,22.4865474,114.0120792,True,True,False,S302196862,X,600
249,dusthr2,Dusky Thrush,Turdus eunomus,L58826818,"27 甘道, 香港島, HK (22.267, 114.169)",2026-02-19 12:05:00,2.0,22.2673253,114.1689562,True,False,True,S302107989,,600
250,gubter2,Gull-billed Tern,Gelochelidon nilotica,L1012793,Mai Po Nature Reserve 米埔自然護理區,2026-02-19 07:36:00,1.0,22.4941803,114.0365517,True,False,False,S302110016,,2310
251,lessap1,Tibetan Sand-Plover,Anarhynchus atrifrons,L1012793,Mai Po Nature Reserve 米埔自然護理區,2026-02-18 14:51:00,2.0,22.4941803,114.0365517,True,False,False,S301910076,,2310
252,chcwar2,Chestnut-crowned Warbler,Phylloscopus castaniceps,L45207123,Kowloon Hills Fitness Trails,2026-02-18 07:45:00,1.0,22.355324,114.1623959,True,False,True,S302398469,,600
253,grybus1,Gray Bushchat,Saxicola ferreus,L36389136,Tai O-Yi O,2026-02-18 07:02:00,1.0,22.250082,113.863212,True,False,True,S301868656,,600
254,rubcra1,Ruddy-breasted Crake,Zapornia fusca,L10386847,"Cypress Drive, San Tin HK-New Territories (seen or heard from my house) (22.4846,114.0509)",2026-02-16 18:39:00,1.0,22.484627,114.050856,True,False,True,S301264451,,600
255,fujnil1,Fujian Niltava,Niltava davidi,L2740358,King's Park Recreation Ground 京士柏公園,2026-02-16 11:49:00,1.0,22.3125294,114.1733256,True,False,False,S301234737,,600
256,rebfly,Red-breasted Flycatcher,Ficedula parva,L3974611,Ping Yeung 坪洋,2026-02-16 09:29:00,1.0,22.5380959,114.1570956,True,False,False,S301215152,,600
257,oristo1,Oriental Stork,Ciconia boyciana,L10386847,"Cypress Drive, San Tin HK-New Territories (seen or heard from my house) (22.4846,114.0509)",2026-02-15 16:24:00,1.0,22.484627,114.050856,True,False,True,S300776288,,600
258,chifra1,Chinese Francolin,Francolinus pintadeanus,L3624105,Hok Tau 鶴藪,2026-02-15 08:13:00,1.0,22.4922328,114.180876,True,False,False,S300792146,,600
259,lanwar,Lanceolated Warbler,Locustella lanceolata,L17731518,Wu Kau Tang 烏蛟騰,2026-02-15 08:00:00,1.0,22.5058964,114.2436075,True,False,False,S300754419,,600
260,bacdov1,Barred Cuckoo-Dove,Macropygia unchall,L4921483,Pak Sha O 白沙澳,2026-02-15 07:29:00,2.0,22.4486741,114.3193316,True,False,False,S300742288,,600
261,hibfly1,Hill Blue Flycatcher,Cyornis whitei,L4921483,Pak Sha O 白沙澳,2026-02-14 10:20:00,1.0,22.4486741,114.3193316,True,True,False,S300241250,,600
262,scathr2,White's Thrush,Zoothera aurea,L4838930,Mui Tsz Lam,2026-02-14 09:45:00,1.0,22.3917456,114.2325997,True,False,False,S300239964,,600
263,eargre,Eared Grebe,Podiceps nigricollis,L7394891,Tai Sang Wai 大生圍,2026-02-13 10:05:00,1.0,22.4708045,114.0427852,True,True,False,S299874894,,600
